,runID,module,name,value,recordingmode,title,iaMean,numHosts,configname,datetime,datetimef,experiment,inifile,iterationvars,iterationvarsd,iterationvarsf,measurement,network,processid,repetition,replication,resultdir,runnumber,seedset,unit
0,PureAlohaExperiment-0-20250306-09:40:44-5280,Aloha.server,collisionLength:mean,0.19827524052723,mean,"collision length, mean",1,10,PureAlohaExperiment,20250306-09:40:44,20250306-094044,PureAlohaExperiment,omnetpp.ini,"$numHosts=10, $iaMean=1",numHosts=10/iaMean=1,"numHosts=10,iaMean=1-","$numHosts=10, $iaMean=1",Aloha,5280,0,#0,results,0,0,
1,PureAlohaExperiment-1-20250306-09:40:44-5280,Aloha.server,collisionLength:mean,0.16973577802305,mean,"collision length, mean",2,10,PureAlohaExperiment,20250306-09:40:44,20250306-094044,PureAlohaExperiment,omnetpp.ini,"$numHosts=10, $iaMean=2",numHosts=10/iaMean=2,"numHosts=10,iaMean=2-","$numHosts=10, $iaMean=2",Aloha,5280,0,#0,results,1,1,
2,PureAlohaExperiment-2-20250306-09:40:44-5280,Aloha.server,collisionLength:mean,0.1618896467742,mean,"collision length, mean",3,10,PureAlohaExperiment,20250306-09:40:44,20250306-094044,PureAlohaExperiment,omnetpp.ini,"$numHosts=10, $iaMean=3",numHosts=10/iaMean=3,"numHosts=10,iaMean=3-","$numHosts=10, $iaMean=3",Aloha,5280,0,#0,results,2,2,
3,PureAlohaExperiment-3-20250306-09:40:44-5280,Aloha.server,collisionLength:mean,0.15762009388453,mean,"collision length, mean",4,10,PureAlohaExperiment,20250306-09:40:44,20250306-094044,PureAlohaExperiment,omnetpp.ini,"$numHosts=10, $iaMean=4",numHosts=10/iaMean=4,"numHosts=10,iaMean=4-","$numHosts=10, $iaMean=4",Aloha,5280,0,#0,results,3,3,
4,PureAlohaExperiment-4-20250306-09:40:45-5280,Aloha.server,collisionLength:mean,0.15589993331909,mean,"collision length, mean",5,10,PureAlohaExperiment,20250306-09:40:45,20250306-094045,PureAlohaExperiment,omnetpp.ini,"$numHosts=10, $iaMean=5",numHosts=10/iaMean=5,"numHosts=10,iaMean=5-","$numHosts=10, $iaMean=5",Aloha,5280,0,#0,results,4,4,
5,PureAlohaExperiment-5-20250306-09:40:45-5280,Aloha.server,collisionLength:mean,0.15349937982303,mean,"collision length, mean",7,10,PureAlohaExperiment,20250306-09:40:45,20250306-094045,PureAlohaExperiment,omnetpp.ini,"$numHosts=10, $iaMean=7",numHosts=10/iaMean=7,"numHosts=10,iaMean=7-","$numHosts=10, $iaMean=7",Aloha,5280,0,#0,results,5,5,
6,PureAlohaExperiment-6-20250306-09:40:45-5280,Aloha.server,collisionLength:mean,0.15314538213522,mean,"collision length, mean",9,10,PureAlohaExperiment,20250306-09:40:45,20250306-094045,PureAlohaExperiment,omnetpp.ini,"$numHosts=10, $iaMean=9",numHosts=10/iaMean=9,"numHosts=10,iaMean=9-","$numHosts=10, $iaMean=9",Aloha,5280,0,#0,results,6,6,
7,PureAlohaExperiment-7-20250306-09:40:45-5280,Aloha.server,collisionLength:mean,0.24610158481185,mean,"collision length, mean",1,15,PureAlohaExperiment,20250306-09:40:45,20250306-094045,PureAlohaExperiment,omnetpp.ini,"$numHosts=15, $iaMean=1",numHosts=15/iaMean=1,"numHosts=15,iaMean=1-","$numHosts=15, $iaMean=1",Aloha,5280,0,#0,results,7,7,
8,PureAlohaExperiment-8-20250306-09:40:45-5280,Aloha.server,collisionLength:mean,0.18665563161944,mean,"collision length, mean",2,15,PureAlohaExperiment,20250306-09:40:45,20250306-094045,PureAlohaExperiment,omnetpp.ini,"$numHosts=15, $iaMean=2",numHosts=15/iaMean=2,"numHosts=15,iaMean=2-","$numHosts=15, $iaMean=2",Aloha,5280,0,#0,results,8,8,
9,PureAlohaExperiment-9-20250306-09:40:46-5280,Aloha.server,collisionLength:mean,0.17047920251329,mean,"collision length, mean",3,15,PureAlohaExperiment,20250306-09:40:46,20250306-094046,PureAlohaExperiment,omnetpp.ini,"$numHosts=15, $iaMean=3",numHosts=15/iaMean=3,"numHosts=15,iaMean=3-","$numHosts=15, $iaMean=3",Aloha,5280,0,#0,results,9,9,
10,PureAlohaExperiment-10-20250306-09:40:46-5280,Aloha.server,collisionLength:mean,0.16494468260418,mean,"collision length, mean",4,15,PureAlohaExperiment,20250306-09:40:46,20250306-094046,PureAlohaExperiment,omnetpp.ini,"$numHosts=15, $iaMean=4",numHosts=15/iaMean=4,"numHosts=15,iaMean=4-","$numHosts=15, $iaMean=4",Aloha,5280,0,#0,results,10,10,
11,PureAlohaExperiment-11-20250306-09:40:46-5280,Aloha.server,collisionLength:mean,0.16102127254476,mean,"collision length, mean",5,15,PureAlohaExperiment,20250306-09:40:46,20250306-094046,PureAlohaExperiment,omnetpp.ini,"$numHosts=15, $iaMean=5",numHosts=15/iaMean=5,"numHosts=15,iaMean=5-","$numHosts=15, $iaMean=5",Aloha,5280,0,#0,results,11,11,
12,PureAlohaExperiment-12-20250306-09:40:47-5280,Aloha.server,collisionLength:mean,0.15679872903847,mean,"collision length, mean",7,15,PureAlohaExperiment,20250306-09:40:47,20250306-094047,PureAlohaExperiment,omnetpp.ini,"$numHosts=15, $iaMean=7",numHosts=15/iaMean=7,"numHosts=15,iaMean=7-","$numHosts=15, $iaMean=7",Aloha,5280,0,#0,results,12,12,
13,PureAlohaExperiment-13-20250306-09:40:47-5280,Aloha.server,collisionLength:mean,0.1565280326468,mean,"collision length, mean",9,15,PureAlohaExperiment,20250306-09:40:47,20250306-094047,PureAlohaExperiment,omnetpp.ini,"$numHosts=15, $iaMean=9",numHosts=15/iaMean=9,"numHosts=15,iaMean=9-","$numHosts=15, $iaMean=9",Aloha,5280,0,#0,results,13,13,
14,PureAlohaExperiment-14-20250306-09:40:47-5280,Aloha.server,collisionLength:mean,0.31471353556,mean,"collision length, mean",1,20,PureAlohaExperiment,20250306-09:40:47,20250306-094047,PureAlohaExperiment,omnetpp.ini,"$numHosts=20, $iaMean=1",numHosts=20/iaMean=1,"numHosts=20,iaMean=1-","$numHosts=20, $iaMean=1",Aloha,5280,0,#0,results,14,14,
15,PureAlohaExperiment-15-20250306-09:40:48-5280,Aloha.server,collisionLength:mean,0.20359394982202,mean,"collision length, mean",2,20,PureAlohaExperiment,20250306-09:40:48,20250306-094048,PureAlohaExperiment,omnetpp.ini,"$numHosts=20, $iaMean=2",numHosts=20/iaMean=2,"numHosts=20,iaMean=2-","$numHosts=20, $iaMean=2",Aloha,5280,0,#0,results,15,15,
16,PureAlohaExperiment-16-20250306-09:40:48-5280,Aloha.server,collisionLength:mean,0.18125873719314,mean,"collision length, mean",3,20,PureAlohaExperiment,20250306-09:40:48,20250306-094048,PureAlohaExperiment,omnetpp.ini,"$numHosts=20, $iaMean=3",numHosts=20/iaMean=3,"numHosts=20,iaMean=3-","$numHosts=20, $iaMean=3",Aloha,5280,0,#0,results,16,16,
17,PureAlohaExperiment-17-20250306-09:40:49-5280,Aloha.server,collisionLength:mean,0.17230020280715,mean,"collision length, mean",4,20,PureAlohaExperiment,20250306-09:40:49,20250306-094049,PureAlohaExperiment,omnetpp.ini,"$numHosts=20, $iaMean=4",numHosts=20/iaMean=4,"numHosts=20,iaMean=4-","$numHosts=20, $iaMean=4",Aloha,5280,0,#0,results,17,17,
18,PureAlohaExperiment-18-20250306-09:40:49-5280,Aloha.server,collisionLength:mean,0.16561768497856,mean,"collision length, mean",5,20,PureAlohaExperiment,20250306-09:40:49,20250306-094049,PureAlohaExperiment,omnetpp.ini,"$numHosts=20, $iaMean=5",numHosts=20/iaMean=5,"numHosts=20,iaMean=5-","$numHosts=20, $iaMean=5",Aloha,5280,0,#0,results,18,18,
19,PureAlohaExperiment-19-20250306-09:40:49-5280,Aloha.server,collisionLength:mean,0.15992587706357,mean,"collision length, mean",7,20,PureAlohaExperiment,20250306-09:40:49,20250306-094049,PureAlohaExperiment,omnetpp.ini,"$numHosts=20, $iaMean=7",numHosts=20/iaMean=7,"numHosts=20,iaMean=7-","$numHosts=20, $iaMean=7",Aloha,5280,0,#0,results,19,19,
20,PureAlohaExperiment-20-20250306-09:40:50-5280,Aloha.server,collisionLength:mean,0.1573266704957,mean,"collision length, mean",9,20,PureAlohaExperiment,20250306-09:40:50,20250306-094050,PureAlohaExperiment,omnetpp.ini,"$numHosts=20, $iaMean=9",numHosts=20/iaMean=9,"numHosts=20,iaMean=9-","$numHosts=20, $iaMean=9",Aloha,5280,0,#0,results,20,20,
